split_000.bin	20000000000	0cc4af29ca40ff29d01f22c072d49aefb67bef27724a077f49f7420489b11165
split_001.bin	20000000000	8d80371850d2391978f053df4cc42fc183ad3bc63822fc236d03b1c5843a1c48
split_002.bin	20000000000	3ffd854b4f2d7f861d9e6e7bb2c360d4a5e80a2145abaa679e7ca77abeed534f
split_003.bin	20000000000	cd1610ff02f9ac77d5083f3902bf656f5e2b5d44749239d14e19bc50a2486cd6
split_004.bin	20000000000	e7684f083ce111d75a9d71753729a819c5dc23095b854d4259c14c43209226a4
split_005.bin	20000000000	7a3a2f4daed019c9e4a59e593db678e0f1d7b2cc78a1ddb9c28c28f311553067
split_006.bin	20000000000	e804b00c7b4d3b31bbb7d41c3bf1f7d5f74b90cfe44cf76ad6cac0ed68b46a0d
split_007.bin	20000000000	3af4374ec84fc45e9675de4c608b5ff0cd4377634abd436cd1cf6fb97022f560
split_008.bin	20000000000	8277849835745b7932b0a78d7d240fdf19a03d2d734eba29179a1b55c66ba00d
split_009.bin	20000000000	579d5a30f3c17a0dc6887b03ab739fed5ada92afb93392e80c1e5ae1899cd640
split_010.bin	20000000000	fee06f99db569e4654d4e90ee47b571ebf7b713af2b505459fb4582295f5ea10
split_011.bin	20000000000	4f36e06e771729d06709de38817b7673e49d9bf2536cf6b333409166f3ae51e2
split_012.bin	20000000000	1794082173bd784eb6b6c545e8d9c0166c54ebac768b35c728d2395ebc01756a
split_013.bin	20000000000	022dbb2a1da028affe13eba145f46c3094e50e02c97aa0eddd4e24801f8e04a8
split_014.bin	20000000000	cdb31fb13e9a26c23bc1b9035711abdd5925d5a0be2e10decab515aac01ec367
split_015.bin	20000000000	7f044190cd4edf72a09b764b05f1d80769a7374fc2e448f5656db51c3d71e753
split_016.bin	20000000000	af1b3588e2c7fb266ea6a6dc80d714cd723527987ce29146aa2d5fd67a0bcd00
split_017.bin	20000000000	61ad25081f00eb75020bcd21de5bf7abcd315f3c494cfdbb40c9771a54ea3bc0
split_018.bin	20000000000	bee956456a412bf9c0f9339d775101f4c0399cd7dbbb6491ff5b50978fcda2b1
split_019.bin	20000000000	ccbacb510d612f341be291cac8a4a21f9a63236b387d3429090a4b261a998397
split_020.bin	20000000000	df009844b0d87a5b129918866ef7b9017f0f33f4359748d9dd3a6774fc4f4fe2
split_021.bin	20000000000	fbeabf1090e782a90a049e88ef0cbf6e6933fa11f700755f86c988b7700d4889
split_022.bin	20000000000	8f5f1b60d5b7fbf7770659533513f967a62ca8ea8454efc70869e2951e72d349
split_023.bin	20000000000	27236b8bdd06887ec4a7dee61d257e8813929f71096ed7018bc4496a710349c9
split_024.bin	20000000000	cb363a50887bcff4513889ffec94cec319e6f9e9a3a910fa54d3dd6245ee71aa
split_025.bin	20000000000	2a52a8d0e0445bf15688734e3a490aaa68c5aaaf333ee1689696fbd84529fed0
split_026.bin	20000000000	a57b3601e5b06490c12c593c6cf44fb5baf7896885cef9a0241809346d3004e6
split_027.bin	20000000000	fcc502ebdca3cf5516042ea65e0508244bf89df03f30fbc7021098176e547630
split_028.bin	20000000000	918acef47a910c88002e2a16d636be7d436b537b9f547da00f0d670d6c2fc28f
split_029.bin	20000000000	424fe628cad0727c857ce3536677c86de1f732c4afa9e6662084f15345964d3e
split_030.bin	20000000000	ce5121b54c6379c4b99bbf7dd2b5d75f8445b4e346a7ae208f2769ed24cdc3f9
split_031.bin	20000000000	cd9e400b5d8e9df274777701c359e7582fbdef67a32d4703e44a0a5be25a9983
split_032.bin	20000000000	93cce7ce947c7cd4a1f5480ac4ab0f7120cd3ba17e4019c82ff17a3029e5d85f
split_033.bin	13002105840	99932881a78dc20c6d19bc51b6e4081abc5c238f95db6fbc436dcaf6b94889d7
