penguinkumimanu/Knowledge_distilled_dataset_by_ponkotsuWCSC36	526bd42a59cdd961ef0c42e6068499625811ffee	ponkotsu_WCSC36_001.bin	19558599240	f339b9ef75eba78cb8c36124707dc791452632ece7b0a557b03fdef4b367d605	rescored
penguinkumimanu/Knowledge_distilled_dataset_by_ponkotsuWCSC36	526bd42a59cdd961ef0c42e6068499625811ffee	ponkotsu_WCSC36_002.bin	19558599240	b1530d9b6b47d9379086d0f20c53f6f8c0c078dbe9e5d8a76c0f33a84fe5e25b	rescored
penguinkumimanu/Knowledge_distilled_dataset_by_ponkotsuWCSC36	526bd42a59cdd961ef0c42e6068499625811ffee	ponkotsu_WCSC36_003.bin	19558599240	a763d37b5cd89984fc1e51804e7d231256a67afea50592959edc60f3f131ce36	rescored
penguinkumimanu/Knowledge_distilled_dataset_by_ponkotsuWCSC36	526bd42a59cdd961ef0c42e6068499625811ffee	ponkotsu_WCSC36_004.bin	19558599240	61e2432cf2c2505c1b85c6518eec0abe4f7611f5fa43b2c645675f7391f1f8c7	rescored
penguinkumimanu/Knowledge_distilled_dataset_by_ponkotsuWCSC36	526bd42a59cdd961ef0c42e6068499625811ffee	ponkotsu_WCSC36_005.bin	19558599240	c00dcaf9146526e1f07ecd118280a96a326ed3bfda49133b838f526ee8784c82	rescored
penguinkumimanu/Knowledge_distilled_dataset_by_ponkotsuWCSC36	526bd42a59cdd961ef0c42e6068499625811ffee	ponkotsu_WCSC36_006.bin	19558599240	3ce2445636bdec09ff6f14705f0c84a30b64e7b9446999a4b82e792491d6c4a8	rescored
penguinkumimanu/Knowledge_distilled_dataset_by_ponkotsuWCSC36	526bd42a59cdd961ef0c42e6068499625811ffee	ponkotsu_WCSC36_007.bin	19558599240	6999495fbda4e5dbbd462c3e5008f2cd6d8a723530b22e28775fdde68bf41435	rescored
penguinkumimanu/Knowledge_distilled_dataset_by_ponkotsuWCSC36	526bd42a59cdd961ef0c42e6068499625811ffee	ponkotsu_WCSC36_008.bin	19558599240	de052d37dda18e1e7a2435d987c584ac48355d378d7661886fd31e1336bcc08b	rescored
penguinkumimanu/Knowledge_distilled_dataset_by_ponkotsuWCSC36	526bd42a59cdd961ef0c42e6068499625811ffee	ponkotsu_WCSC36_009.bin	19558599240	5fa62db571acf6674ac973011125aa61b6dc023a06d8a7daec4750265f785ef2	rescored
penguinkumimanu/Knowledge_distilled_dataset_by_ponkotsuWCSC36	526bd42a59cdd961ef0c42e6068499625811ffee	ponkotsu_WCSC36_010.bin	19558599240	e2833caad4ed618f9470a32d552d958cb4de3541c856acb10b68ee88ce800b4b	rescored
penguinkumimanu/Knowledge_distilled_dataset_by_ponkotsuWCSC36	526bd42a59cdd961ef0c42e6068499625811ffee	ponkotsu_WCSC36_011.bin	19558599240	00d48388c7c529e730ff8180bd8f44a43fd192cbd4f4c524e50cdf7c57f5183c	rescored
penguinkumimanu/Knowledge_distilled_dataset_by_ponkotsuWCSC36	526bd42a59cdd961ef0c42e6068499625811ffee	ponkotsu_WCSC36_012.bin	19558599240	c61b7701c32ddbe7fd2b3ef7c3c0446b95709f171ce857607f78fca3db53e50d	rescored
penguinkumimanu/Knowledge_distilled_dataset_by_ponkotsuWCSC36	526bd42a59cdd961ef0c42e6068499625811ffee	ponkotsu_WCSC36_013.bin	19558599240	3dfe83722c6a5d0b4e072c15c074a1fb58e682a609ca8daabea811ca06998f24	rescored
penguinkumimanu/Knowledge_distilled_dataset_by_ponkotsuWCSC36	526bd42a59cdd961ef0c42e6068499625811ffee	ponkotsu_WCSC36_014.bin	19558599240	bce44bf6f17cbc90ebbdb0ec43299c63f0ce02b421bebb75e91fa200dcb1aaf8	rescored
penguinkumimanu/Knowledge_distilled_dataset_by_ponkotsuWCSC36	526bd42a59cdd961ef0c42e6068499625811ffee	ponkotsu_WCSC36_015.bin	19558599240	8ee1ce933b3bd9578c943d39b3459f0cacc7300515f52031da97d682549a511c	rescored
penguinkumimanu/Knowledge_distilled_dataset_by_ponkotsuWCSC36	526bd42a59cdd961ef0c42e6068499625811ffee	ponkotsu_WCSC36_016.bin	19558599240	acfd9f70a959e1e85e802202702862aa12613ade0533cfe0dc23b69703be962a	rescored
penguinkumimanu/Knowledge_distilled_dataset_by_ponkotsuWCSC36	526bd42a59cdd961ef0c42e6068499625811ffee	ponkotsu_WCSC36_017.bin	19558599240	2464e57a3d5bf62ecfa1894e6ec82b157670512aed58e902267ea33198f71b97	rescored
penguinkumimanu/Knowledge_distilled_dataset_by_ponkotsuWCSC36	526bd42a59cdd961ef0c42e6068499625811ffee	ponkotsu_WCSC36_018.bin	19558599240	688dd364a7ae3733d3fae01d9a116d77dd291e751d3f43099760f864c983fe98	rescored
penguinkumimanu/Knowledge_distilled_dataset_by_ponkotsuWCSC36	526bd42a59cdd961ef0c42e6068499625811ffee	ponkotsu_WCSC36_019.bin	19558599240	3c17a3816123acd2dab8135b3c0dd96c2fcb3be9c0bbb5d053c15769625628b6	rescored
penguinkumimanu/Knowledge_distilled_dataset_by_ponkotsuWCSC36	526bd42a59cdd961ef0c42e6068499625811ffee	ponkotsu_WCSC36_020.bin	19558599240	715fbc58db822b3f12bf57b869355f211e62428ee836796dd6a9c9051c13aa02	rescored
penguinkumimanu/Knowledge_distilled_dataset_by_ponkotsuWCSC36	526bd42a59cdd961ef0c42e6068499625811ffee	ponkotsu_WCSC36_021.bin	19558599240	9b69a3c8644d0553ae9733d90503c488e2c137321fce0a1b965d05d59bb84276	rescored
penguinkumimanu/Knowledge_distilled_dataset_by_ponkotsuWCSC36	526bd42a59cdd961ef0c42e6068499625811ffee	ponkotsu_WCSC36_022.bin	19558599240	3507cb3082177e69fb38d57cbadefdb5b6472ec42ca6364a36c38a0e09cf9abe	rescored
penguinkumimanu/Knowledge_distilled_dataset_by_ponkotsuWCSC36	526bd42a59cdd961ef0c42e6068499625811ffee	ponkotsu_WCSC36_023.bin	19558599240	a9e13c6a9823af6f29f836bcce38c7d78d5ba8185cc14de7dce4db47563fdc1e	rescored
penguinkumimanu/Knowledge_distilled_dataset_by_ponkotsuWCSC36	526bd42a59cdd961ef0c42e6068499625811ffee	ponkotsu_WCSC36_024.bin	19558599240	ca33d698d396f8c4ce4efd7d92d6540f77a45f3a828dfd3a7432501c0a1c91e3	rescored
penguinkumimanu/Knowledge_distilled_dataset_by_ponkotsuWCSC36	526bd42a59cdd961ef0c42e6068499625811ffee	ponkotsu_WCSC36_025.bin	19558599240	3b6c1f089c55c9dd7501c080129ac0bb7a3930f54076b63e0a7129dbf3ef929c	rescored
penguinkumimanu/Knowledge_distilled_dataset_by_ponkotsuWCSC36	526bd42a59cdd961ef0c42e6068499625811ffee	ponkotsu_WCSC36_026.bin	19558599240	df51d7681804c875203cd6fd7cada590f0b396658744eaaec067598f5d1de660	rescored
penguinkumimanu/Knowledge_distilled_dataset_by_ponkotsuWCSC36	526bd42a59cdd961ef0c42e6068499625811ffee	ponkotsu_WCSC36_027.bin	19558599240	f2123e9cb858bdcd30a86b55cabd794973fcf0223fa22e97fbb0338c5c4fe2ad	rescored
penguinkumimanu/Knowledge_distilled_dataset_by_ponkotsuWCSC36	526bd42a59cdd961ef0c42e6068499625811ffee	ponkotsu_WCSC36_028.bin	19558599240	d36961878dac7d9bcc9e68e96005cd463d205221581c146141c3816e939ebe2b	rescored
penguinkumimanu/Knowledge_distilled_dataset_by_ponkotsuWCSC36	526bd42a59cdd961ef0c42e6068499625811ffee	ponkotsu_WCSC36_029.bin	19558599520	5862dc0e4439b7240340da12a94752e9acc7d651f1aa6196144fe434a1fe79ae	rescored
penguinkumimanu/Knowledge_distilled_dataset_by_ponkotsuWCSC36	526bd42a59cdd961ef0c42e6068499625811ffee	dlsuisho_uniqueponkotsu_WCSC36	19558599240	fdbf54243f3c23314ccbcfddb340e9f1fb049fca3cca1f32293d973b41bff3ef	rescored
